,uniprot_id,dms_id,Ascan_id,dmsa_id,protein_name,dms_name
0,P38398,Brca1_E3,brca1_mono_ub,Brca1_E3@brca1_mono_ub,BRCA1,BRCA1_E3-Envision
1,P38398,Brca1_E3,brca1_myc,Brca1_E3@brca1_myc,BRCA1,BRCA1_E3-Envision
2,P38398,Brca1_E3,,Brca1_E3@nan,BRCA1,BRCA1_E3-Envision
3,P38398,Brca1_Y2H,brca1_mono_ub,Brca1_Y2H@brca1_mono_ub,BRCA1,BRCA1_Y2H-Envision
4,P38398,Brca1_Y2H,brca1_myc,Brca1_Y2H@brca1_myc,BRCA1,BRCA1_Y2H-Envision
5,P38398,Brca1_Y2H,,Brca1_Y2H@nan,BRCA1,BRCA1_Y2H-Envision
6,P0CG63,E1_Ubiquitin,,E1_Ubiquitin@nan,Ubiquitin,UBI_Less-E1-Envision
7,P0CG63,E1_Ubiquitin,ub_free,E1_Ubiquitin@ub_free,Ubiquitin,UBI_Less-E1-Envision
8,P0CG63,E1_Ubiquitin,ub_growth,E1_Ubiquitin@ub_growth,Ubiquitin,UBI_Less-E1-Envision
9,P0CG63,E1_Ubiquitin,ub_poly,E1_Ubiquitin@ub_poly,Ubiquitin,UBI_Less-E1-Envision
10,P05067,ab42,ab40_ddg,ab42@ab40_ddg,Abeta42,Abeta42
11,P05067,ab42,,ab42@nan,Abeta42,Abeta42
12,Q9BYF1,ace2-s-high,ace2_han_20,ace2-s-high@ace2_han_20,ACE2,ACE2-s-high
13,Q9BYF1,ace2-s-high,ace2_han_40_plasmid,ace2-s-high@ace2_han_40_plasmid,ACE2,ACE2-s-high
14,Q9BYF1,ace2-s-high,ace2_han_60,ace2-s-high@ace2_han_60,ACE2,ACE2-s-high
15,Q9BYF1,ace2-s-high,ace2_han_60_plasmid,ace2-s-high@ace2_han_60_plasmid,ACE2,ACE2-s-high
16,Q9BYF1,ace2-s-high,ace2_li_bind,ace2-s-high@ace2_li_bind,ACE2,ACE2-s-high
17,Q9BYF1,ace2-s-high,,ace2-s-high@nan,ACE2,ACE2-s-high
18,Q9GZX7,aicda-g3,aicda_gajula_deamine,aicda-g3@aicda_gajula_deamine,AICDA,AICDA-G3
19,Q9GZX7,aicda-g3,aicda_gajula_growth,aicda-g3@aicda_gajula_growth,AICDA,AICDA-G3
20,Q9GZX7,aicda-g3,,aicda-g3@nan,AICDA,AICDA-G3
21,P38398,brca1-findlay,brca1_mono_ub,brca1-findlay@brca1_mono_ub,BRCA1,BRCA1_Findlay
22,P38398,brca1-findlay,brca1_myc,brca1-findlay@brca1_myc,BRCA1,BRCA1_Findlay
23,P38398,brca1-findlay,,brca1-findlay@nan,BRCA1,BRCA1_Findlay
24,P38398,brca1-starita2018,brca1_mono_ub,brca1-starita2018@brca1_mono_ub,BRCA1,BRCA1_Starita_2018
25,P38398,brca1-starita2018,brca1_myc,brca1-starita2018@brca1_myc,BRCA1,BRCA1_Starita_2018
26,P38398,brca1-starita2018,,brca1-starita2018@nan,BRCA1,BRCA1_Starita_2018
27,P51681,ccr5-2d7-bind,ccr5_blanpain_239,ccr5-2d7-bind@ccr5_blanpain_239,CCR5,CCR5-2d7-bind
28,P51681,ccr5-2d7-bind,ccr5_blanpain_exp,ccr5-2d7-bind@ccr5_blanpain_exp,CCR5,CCR5-2d7-bind
29,P51681,ccr5-2d7-bind,ccr5_blanpain_jrfl,ccr5-2d7-bind@ccr5_blanpain_jrfl,CCR5,CCR5-2d7-bind
30,P51681,ccr5-2d7-bind,ccr5_blanpain_mip1b,ccr5-2d7-bind@ccr5_blanpain_mip1b,CCR5,CCR5-2d7-bind
31,P51681,ccr5-2d7-bind,ccr5_dragic_ada,ccr5-2d7-bind@ccr5_dragic_ada,CCR5,CCR5-2d7-bind
32,P51681,ccr5-2d7-bind,ccr5_dragic_dh123,ccr5-2d7-bind@ccr5_dragic_dh123,CCR5,CCR5-2d7-bind
33,P51681,ccr5-2d7-bind,ccr5_dragic_jrfl,ccr5-2d7-bind@ccr5_dragic_jrfl,CCR5,CCR5-2d7-bind
34,P51681,ccr5-2d7-bind,ccr5_dragic_mip1a,ccr5-2d7-bind@ccr5_dragic_mip1a,CCR5,CCR5-2d7-bind
35,P51681,ccr5-2d7-bind,ccr5_dragic_mip1b,ccr5-2d7-bind@ccr5_dragic_mip1b,CCR5,CCR5-2d7-bind
36,P51681,ccr5-2d7-bind,ccr5_dragic_pantes,ccr5-2d7-bind@ccr5_dragic_pantes,CCR5,CCR5-2d7-bind
37,P51681,ccr5-2d7-bind,ccr5_dragic_vir,ccr5-2d7-bind@ccr5_dragic_vir,CCR5,CCR5-2d7-bind
38,P51681,ccr5-2d7-bind,ccr5_nave_227r,ccr5-2d7-bind@ccr5_nave_227r,CCR5,CCR5-2d7-bind
39,P51681,ccr5-2d7-bind,ccr5_nave_mip1a,ccr5-2d7-bind@ccr5_nave_mip1a,CCR5,CCR5-2d7-bind
40,P51681,ccr5-2d7-bind,ccr5_nave_mip2,ccr5-2d7-bind@ccr5_nave_mip2,CCR5,CCR5-2d7-bind
41,P51681,ccr5-2d7-bind,ccr5_nave_rantes,ccr5-2d7-bind@ccr5_nave_rantes,CCR5,CCR5-2d7-bind
42,P51681,ccr5-2d7-bind,ccr5_rabut_ada,ccr5-2d7-bind@ccr5_rabut_ada,CCR5,CCR5-2d7-bind
43,P51681,ccr5-2d7-bind,ccr5_rabut_dh123,ccr5-2d7-bind@ccr5_rabut_dh123,CCR5,CCR5-2d7-bind
44,P51681,ccr5-2d7-bind,ccr5_rabut_exp,ccr5-2d7-bind@ccr5_rabut_exp,CCR5,CCR5-2d7-bind
45,P51681,ccr5-2d7-bind,ccr5_rabut_gun1,ccr5-2d7-bind@ccr5_rabut_gun1,CCR5,CCR5-2d7-bind
46,P51681,ccr5-2d7-bind,ccr5_rabut_jrfl,ccr5-2d7-bind@ccr5_rabut_jrfl,CCR5,CCR5-2d7-bind
47,P51681,ccr5-2d7-bind,ccr5_tan_exp,ccr5-2d7-bind@ccr5_tan_exp,CCR5,CCR5-2d7-bind
48,P51681,ccr5-2d7-bind,ccr5_tan_jrfl,ccr5-2d7-bind@ccr5_tan_jrfl,CCR5,CCR5-2d7-bind
49,P51681,ccr5-2d7-bind,ccr5_tan_sf162,ccr5-2d7-bind@ccr5_tan_sf162,CCR5,CCR5-2d7-bind
50,P51681,ccr5-2d7-bind,ccr5_zhang_2d7,ccr5-2d7-bind@ccr5_zhang_2d7,CCR5,CCR5-2d7-bind
51,P51681,ccr5-2d7-bind,ccr5_zhang_roab12,ccr5-2d7-bind@ccr5_zhang_roab12,CCR5,CCR5-2d7-bind
52,P51681,ccr5-2d7-bind,ccr5_zhang_roab13,ccr5-2d7-bind@ccr5_zhang_roab13,CCR5,CCR5-2d7-bind
53,P51681,ccr5-2d7-bind,ccr5_zhang_roab14,ccr5-2d7-bind@ccr5_zhang_roab14,CCR5,CCR5-2d7-bind
54,P51681,ccr5-2d7-bind,ccr5_zhang_roab18,ccr5-2d7-bind@ccr5_zhang_roab18,CCR5,CCR5-2d7-bind
55,P51681,ccr5-2d7-bind,,ccr5-2d7-bind@nan,CCR5,CCR5-2d7-bind
56,P51681,ccr5-alexa-exp,ccr5_blanpain_239,ccr5-alexa-exp@ccr5_blanpain_239,CCR5,CCR5-alexa-exp
57,P51681,ccr5-alexa-exp,ccr5_blanpain_exp,ccr5-alexa-exp@ccr5_blanpain_exp,CCR5,CCR5-alexa-exp
58,P51681,ccr5-alexa-exp,ccr5_blanpain_jrfl,ccr5-alexa-exp@ccr5_blanpain_jrfl,CCR5,CCR5-alexa-exp
59,P51681,ccr5-alexa-exp,ccr5_blanpain_mip1b,ccr5-alexa-exp@ccr5_blanpain_mip1b,CCR5,CCR5-alexa-exp
60,P51681,ccr5-alexa-exp,ccr5_dragic_ada,ccr5-alexa-exp@ccr5_dragic_ada,CCR5,CCR5-alexa-exp
61,P51681,ccr5-alexa-exp,ccr5_dragic_dh123,ccr5-alexa-exp@ccr5_dragic_dh123,CCR5,CCR5-alexa-exp
62,P51681,ccr5-alexa-exp,ccr5_dragic_jrfl,ccr5-alexa-exp@ccr5_dragic_jrfl,CCR5,CCR5-alexa-exp
63,P51681,ccr5-alexa-exp,ccr5_dragic_mip1a,ccr5-alexa-exp@ccr5_dragic_mip1a,CCR5,CCR5-alexa-exp
64,P51681,ccr5-alexa-exp,ccr5_dragic_mip1b,ccr5-alexa-exp@ccr5_dragic_mip1b,CCR5,CCR5-alexa-exp
65,P51681,ccr5-alexa-exp,ccr5_dragic_pantes,ccr5-alexa-exp@ccr5_dragic_pantes,CCR5,CCR5-alexa-exp
66,P51681,ccr5-alexa-exp,ccr5_dragic_vir,ccr5-alexa-exp@ccr5_dragic_vir,CCR5,CCR5-alexa-exp
67,P51681,ccr5-alexa-exp,ccr5_nave_227r,ccr5-alexa-exp@ccr5_nave_227r,CCR5,CCR5-alexa-exp
68,P51681,ccr5-alexa-exp,ccr5_nave_mip1a,ccr5-alexa-exp@ccr5_nave_mip1a,CCR5,CCR5-alexa-exp
69,P51681,ccr5-alexa-exp,ccr5_nave_mip2,ccr5-alexa-exp@ccr5_nave_mip2,CCR5,CCR5-alexa-exp
70,P51681,ccr5-alexa-exp,ccr5_nave_rantes,ccr5-alexa-exp@ccr5_nave_rantes,CCR5,CCR5-alexa-exp
71,P51681,ccr5-alexa-exp,ccr5_rabut_ada,ccr5-alexa-exp@ccr5_rabut_ada,CCR5,CCR5-alexa-exp
72,P51681,ccr5-alexa-exp,ccr5_rabut_dh123,ccr5-alexa-exp@ccr5_rabut_dh123,CCR5,CCR5-alexa-exp
73,P51681,ccr5-alexa-exp,ccr5_rabut_exp,ccr5-alexa-exp@ccr5_rabut_exp,CCR5,CCR5-alexa-exp
74,P51681,ccr5-alexa-exp,ccr5_rabut_gun1,ccr5-alexa-exp@ccr5_rabut_gun1,CCR5,CCR5-alexa-exp
75,P51681,ccr5-alexa-exp,ccr5_rabut_jrfl,ccr5-alexa-exp@ccr5_rabut_jrfl,CCR5,CCR5-alexa-exp
76,P51681,ccr5-alexa-exp,ccr5_tan_exp,ccr5-alexa-exp@ccr5_tan_exp,CCR5,CCR5-alexa-exp
77,P51681,ccr5-alexa-exp,ccr5_tan_jrfl,ccr5-alexa-exp@ccr5_tan_jrfl,CCR5,CCR5-alexa-exp
78,P51681,ccr5-alexa-exp,ccr5_tan_sf162,ccr5-alexa-exp@ccr5_tan_sf162,CCR5,CCR5-alexa-exp
79,P51681,ccr5-alexa-exp,ccr5_zhang_2d7,ccr5-alexa-exp@ccr5_zhang_2d7,CCR5,CCR5-alexa-exp
80,P51681,ccr5-alexa-exp,ccr5_zhang_roab12,ccr5-alexa-exp@ccr5_zhang_roab12,CCR5,CCR5-alexa-exp
81,P51681,ccr5-alexa-exp,ccr5_zhang_roab13,ccr5-alexa-exp@ccr5_zhang_roab13,CCR5,CCR5-alexa-exp
82,P51681,ccr5-alexa-exp,ccr5_zhang_roab14,ccr5-alexa-exp@ccr5_zhang_roab14,CCR5,CCR5-alexa-exp
83,P51681,ccr5-alexa-exp,ccr5_zhang_roab18,ccr5-alexa-exp@ccr5_zhang_roab18,CCR5,CCR5-alexa-exp
84,P51681,ccr5-alexa-exp,,ccr5-alexa-exp@nan,CCR5,CCR5-alexa-exp
85,P51681,ccr5-fitc-exp,ccr5_blanpain_239,ccr5-fitc-exp@ccr5_blanpain_239,CCR5,CCR5-fitc-exp
86,P51681,ccr5-fitc-exp,ccr5_blanpain_exp,ccr5-fitc-exp@ccr5_blanpain_exp,CCR5,CCR5-fitc-exp
87,P51681,ccr5-fitc-exp,ccr5_blanpain_jrfl,ccr5-fitc-exp@ccr5_blanpain_jrfl,CCR5,CCR5-fitc-exp
88,P51681,ccr5-fitc-exp,ccr5_blanpain_mip1b,ccr5-fitc-exp@ccr5_blanpain_mip1b,CCR5,CCR5-fitc-exp
89,P51681,ccr5-fitc-exp,ccr5_dragic_ada,ccr5-fitc-exp@ccr5_dragic_ada,CCR5,CCR5-fitc-exp
90,P51681,ccr5-fitc-exp,ccr5_dragic_dh123,ccr5-fitc-exp@ccr5_dragic_dh123,CCR5,CCR5-fitc-exp
91,P51681,ccr5-fitc-exp,ccr5_dragic_jrfl,ccr5-fitc-exp@ccr5_dragic_jrfl,CCR5,CCR5-fitc-exp
92,P51681,ccr5-fitc-exp,ccr5_dragic_mip1a,ccr5-fitc-exp@ccr5_dragic_mip1a,CCR5,CCR5-fitc-exp
93,P51681,ccr5-fitc-exp,ccr5_dragic_mip1b,ccr5-fitc-exp@ccr5_dragic_mip1b,CCR5,CCR5-fitc-exp
94,P51681,ccr5-fitc-exp,ccr5_dragic_pantes,ccr5-fitc-exp@ccr5_dragic_pantes,CCR5,CCR5-fitc-exp
95,P51681,ccr5-fitc-exp,ccr5_dragic_vir,ccr5-fitc-exp@ccr5_dragic_vir,CCR5,CCR5-fitc-exp
96,P51681,ccr5-fitc-exp,ccr5_nave_227r,ccr5-fitc-exp@ccr5_nave_227r,CCR5,CCR5-fitc-exp
97,P51681,ccr5-fitc-exp,ccr5_nave_mip1a,ccr5-fitc-exp@ccr5_nave_mip1a,CCR5,CCR5-fitc-exp
98,P51681,ccr5-fitc-exp,ccr5_nave_mip2,ccr5-fitc-exp@ccr5_nave_mip2,CCR5,CCR5-fitc-exp
99,P51681,ccr5-fitc-exp,ccr5_nave_rantes,ccr5-fitc-exp@ccr5_nave_rantes,CCR5,CCR5-fitc-exp
100,P51681,ccr5-fitc-exp,ccr5_rabut_ada,ccr5-fitc-exp@ccr5_rabut_ada,CCR5,CCR5-fitc-exp
101,P51681,ccr5-fitc-exp,ccr5_rabut_dh123,ccr5-fitc-exp@ccr5_rabut_dh123,CCR5,CCR5-fitc-exp
102,P51681,ccr5-fitc-exp,ccr5_rabut_exp,ccr5-fitc-exp@ccr5_rabut_exp,CCR5,CCR5-fitc-exp
103,P51681,ccr5-fitc-exp,ccr5_rabut_gun1,ccr5-fitc-exp@ccr5_rabut_gun1,CCR5,CCR5-fitc-exp
104,P51681,ccr5-fitc-exp,ccr5_rabut_jrfl,ccr5-fitc-exp@ccr5_rabut_jrfl,CCR5,CCR5-fitc-exp
105,P51681,ccr5-fitc-exp,ccr5_tan_exp,ccr5-fitc-exp@ccr5_tan_exp,CCR5,CCR5-fitc-exp
106,P51681,ccr5-fitc-exp,ccr5_tan_jrfl,ccr5-fitc-exp@ccr5_tan_jrfl,CCR5,CCR5-fitc-exp
107,P51681,ccr5-fitc-exp,ccr5_tan_sf162,ccr5-fitc-exp@ccr5_tan_sf162,CCR5,CCR5-fitc-exp
108,P51681,ccr5-fitc-exp,ccr5_zhang_2d7,ccr5-fitc-exp@ccr5_zhang_2d7,CCR5,CCR5-fitc-exp
109,P51681,ccr5-fitc-exp,ccr5_zhang_roab12,ccr5-fitc-exp@ccr5_zhang_roab12,CCR5,CCR5-fitc-exp
110,P51681,ccr5-fitc-exp,ccr5_zhang_roab13,ccr5-fitc-exp@ccr5_zhang_roab13,CCR5,CCR5-fitc-exp
111,P51681,ccr5-fitc-exp,ccr5_zhang_roab14,ccr5-fitc-exp@ccr5_zhang_roab14,CCR5,CCR5-fitc-exp
112,P51681,ccr5-fitc-exp,ccr5_zhang_roab18,ccr5-fitc-exp@ccr5_zhang_roab18,CCR5,CCR5-fitc-exp
113,P51681,ccr5-fitc-exp,,ccr5-fitc-exp@nan,CCR5,CCR5-fitc-exp
114,P51681,ccr5-gp120cd4-bind,ccr5_blanpain_239,ccr5-gp120cd4-bind@ccr5_blanpain_239,CCR5,CCR5-gp120cd4-bind
115,P51681,ccr5-gp120cd4-bind,ccr5_blanpain_exp,ccr5-gp120cd4-bind@ccr5_blanpain_exp,CCR5,CCR5-gp120cd4-bind
116,P51681,ccr5-gp120cd4-bind,ccr5_blanpain_jrfl,ccr5-gp120cd4-bind@ccr5_blanpain_jrfl,CCR5,CCR5-gp120cd4-bind
117,P51681,ccr5-gp120cd4-bind,ccr5_blanpain_mip1b,ccr5-gp120cd4-bind@ccr5_blanpain_mip1b,CCR5,CCR5-gp120cd4-bind
118,P51681,ccr5-gp120cd4-bind,ccr5_dragic_ada,ccr5-gp120cd4-bind@ccr5_dragic_ada,CCR5,CCR5-gp120cd4-bind
119,P51681,ccr5-gp120cd4-bind,ccr5_dragic_dh123,ccr5-gp120cd4-bind@ccr5_dragic_dh123,CCR5,CCR5-gp120cd4-bind
120,P51681,ccr5-gp120cd4-bind,ccr5_dragic_jrfl,ccr5-gp120cd4-bind@ccr5_dragic_jrfl,CCR5,CCR5-gp120cd4-bind
121,P51681,ccr5-gp120cd4-bind,ccr5_dragic_mip1a,ccr5-gp120cd4-bind@ccr5_dragic_mip1a,CCR5,CCR5-gp120cd4-bind
122,P51681,ccr5-gp120cd4-bind,ccr5_dragic_mip1b,ccr5-gp120cd4-bind@ccr5_dragic_mip1b,CCR5,CCR5-gp120cd4-bind
123,P51681,ccr5-gp120cd4-bind,ccr5_dragic_pantes,ccr5-gp120cd4-bind@ccr5_dragic_pantes,CCR5,CCR5-gp120cd4-bind
124,P51681,ccr5-gp120cd4-bind,ccr5_dragic_vir,ccr5-gp120cd4-bind@ccr5_dragic_vir,CCR5,CCR5-gp120cd4-bind
125,P51681,ccr5-gp120cd4-bind,ccr5_nave_227r,ccr5-gp120cd4-bind@ccr5_nave_227r,CCR5,CCR5-gp120cd4-bind
126,P51681,ccr5-gp120cd4-bind,ccr5_nave_mip1a,ccr5-gp120cd4-bind@ccr5_nave_mip1a,CCR5,CCR5-gp120cd4-bind
127,P51681,ccr5-gp120cd4-bind,ccr5_nave_mip2,ccr5-gp120cd4-bind@ccr5_nave_mip2,CCR5,CCR5-gp120cd4-bind
128,P51681,ccr5-gp120cd4-bind,ccr5_nave_rantes,ccr5-gp120cd4-bind@ccr5_nave_rantes,CCR5,CCR5-gp120cd4-bind
129,P51681,ccr5-gp120cd4-bind,ccr5_rabut_ada,ccr5-gp120cd4-bind@ccr5_rabut_ada,CCR5,CCR5-gp120cd4-bind
130,P51681,ccr5-gp120cd4-bind,ccr5_rabut_dh123,ccr5-gp120cd4-bind@ccr5_rabut_dh123,CCR5,CCR5-gp120cd4-bind
131,P51681,ccr5-gp120cd4-bind,ccr5_rabut_exp,ccr5-gp120cd4-bind@ccr5_rabut_exp,CCR5,CCR5-gp120cd4-bind
132,P51681,ccr5-gp120cd4-bind,ccr5_rabut_gun1,ccr5-gp120cd4-bind@ccr5_rabut_gun1,CCR5,CCR5-gp120cd4-bind
133,P51681,ccr5-gp120cd4-bind,ccr5_rabut_jrfl,ccr5-gp120cd4-bind@ccr5_rabut_jrfl,CCR5,CCR5-gp120cd4-bind
134,P51681,ccr5-gp120cd4-bind,ccr5_tan_exp,ccr5-gp120cd4-bind@ccr5_tan_exp,CCR5,CCR5-gp120cd4-bind
135,P51681,ccr5-gp120cd4-bind,ccr5_tan_jrfl,ccr5-gp120cd4-bind@ccr5_tan_jrfl,CCR5,CCR5-gp120cd4-bind
136,P51681,ccr5-gp120cd4-bind,ccr5_tan_sf162,ccr5-gp120cd4-bind@ccr5_tan_sf162,CCR5,CCR5-gp120cd4-bind
137,P51681,ccr5-gp120cd4-bind,ccr5_zhang_2d7,ccr5-gp120cd4-bind@ccr5_zhang_2d7,CCR5,CCR5-gp120cd4-bind
138,P51681,ccr5-gp120cd4-bind,ccr5_zhang_roab12,ccr5-gp120cd4-bind@ccr5_zhang_roab12,CCR5,CCR5-gp120cd4-bind
139,P51681,ccr5-gp120cd4-bind,ccr5_zhang_roab13,ccr5-gp120cd4-bind@ccr5_zhang_roab13,CCR5,CCR5-gp120cd4-bind
140,P51681,ccr5-gp120cd4-bind,ccr5_zhang_roab14,ccr5-gp120cd4-bind@ccr5_zhang_roab14,CCR5,CCR5-gp120cd4-bind
141,P51681,ccr5-gp120cd4-bind,ccr5_zhang_roab18,ccr5-gp120cd4-bind@ccr5_zhang_roab18,CCR5,CCR5-gp120cd4-bind
142,P51681,ccr5-gp120cd4-bind,,ccr5-gp120cd4-bind@nan,CCR5,CCR5-gp120cd4-bind
143,P61073,cxcr4-12g5-bind,cxcr4_chabot_896,cxcr4-12g5-bind@cxcr4_chabot_896,CXCR4,CXCR4-12g5-bind
144,P61073,cxcr4-12g5-bind,cxcr4_chabot_bh10,cxcr4-12g5-bind@cxcr4_chabot_bh10,CXCR4,CXCR4-12g5-bind
145,P61073,cxcr4-12g5-bind,cxcr4_chabot_exp,cxcr4-12g5-bind@cxcr4_chabot_exp,CXCR4,CXCR4-12g5-bind
146,P61073,cxcr4-12g5-bind,cxcr4_chabot_lav,cxcr4-12g5-bind@cxcr4_chabot_lav,CXCR4,CXCR4-12g5-bind
147,P61073,cxcr4-12g5-bind,cxcr4_chabot_sf2,cxcr4-12g5-bind@cxcr4_chabot_sf2,CXCR4,CXCR4-12g5-bind
148,P61073,cxcr4-12g5-bind,cxcr4_lin_exp44717,cxcr4-12g5-bind@cxcr4_lin_exp44717,CXCR4,CXCR4-12g5-bind
149,P61073,cxcr4-12g5-bind,cxcr4_lin_rodb-cd4,cxcr4-12g5-bind@cxcr4_lin_rodb-cd4,CXCR4,CXCR4-12g5-bind
150,P61073,cxcr4-12g5-bind,cxcr4_lin_rodb-pc,cxcr4-12g5-bind@cxcr4_lin_rodb-pc,CXCR4,CXCR4-12g5-bind
151,P61073,cxcr4-12g5-bind,cxcr4_lin_vcp-cd4,cxcr4-12g5-bind@cxcr4_lin_vcp-cd4,CXCR4,CXCR4-12g5-bind
152,P61073,cxcr4-12g5-bind,cxcr4_lin_vcp-pc,cxcr4-12g5-bind@cxcr4_lin_vcp-pc,CXCR4,CXCR4-12g5-bind
153,P61073,cxcr4-12g5-bind,cxcr4_tian_896,cxcr4-12g5-bind@cxcr4_tian_896,CXCR4,CXCR4-12g5-bind
154,P61073,cxcr4-12g5-bind,cxcr4_tian_exp,cxcr4-12g5-bind@cxcr4_tian_exp,CXCR4,CXCR4-12g5-bind
155,P61073,cxcr4-12g5-bind,cxcr4_tian_sdf1a,cxcr4-12g5-bind@cxcr4_tian_sdf1a,CXCR4,CXCR4-12g5-bind
156,P61073,cxcr4-12g5-bind,cxcr4_trent_896,cxcr4-12g5-bind@cxcr4_trent_896,CXCR4,CXCR4-12g5-bind
157,P61073,cxcr4-12g5-bind,,cxcr4-12g5-bind@nan,CXCR4,CXCR4-12g5-bind
158,P61073,cxcr4-alexa-exp,cxcr4_chabot_896,cxcr4-alexa-exp@cxcr4_chabot_896,CXCR4,CXCR4-alexa-exp
159,P61073,cxcr4-alexa-exp,cxcr4_chabot_bh10,cxcr4-alexa-exp@cxcr4_chabot_bh10,CXCR4,CXCR4-alexa-exp
160,P61073,cxcr4-alexa-exp,cxcr4_chabot_exp,cxcr4-alexa-exp@cxcr4_chabot_exp,CXCR4,CXCR4-alexa-exp
161,P61073,cxcr4-alexa-exp,cxcr4_chabot_lav,cxcr4-alexa-exp@cxcr4_chabot_lav,CXCR4,CXCR4-alexa-exp
162,P61073,cxcr4-alexa-exp,cxcr4_chabot_sf2,cxcr4-alexa-exp@cxcr4_chabot_sf2,CXCR4,CXCR4-alexa-exp
163,P61073,cxcr4-alexa-exp,cxcr4_lin_exp44717,cxcr4-alexa-exp@cxcr4_lin_exp44717,CXCR4,CXCR4-alexa-exp
164,P61073,cxcr4-alexa-exp,cxcr4_lin_rodb-cd4,cxcr4-alexa-exp@cxcr4_lin_rodb-cd4,CXCR4,CXCR4-alexa-exp
165,P61073,cxcr4-alexa-exp,cxcr4_lin_rodb-pc,cxcr4-alexa-exp@cxcr4_lin_rodb-pc,CXCR4,CXCR4-alexa-exp
166,P61073,cxcr4-alexa-exp,cxcr4_lin_vcp-cd4,cxcr4-alexa-exp@cxcr4_lin_vcp-cd4,CXCR4,CXCR4-alexa-exp
167,P61073,cxcr4-alexa-exp,cxcr4_lin_vcp-pc,cxcr4-alexa-exp@cxcr4_lin_vcp-pc,CXCR4,CXCR4-alexa-exp
168,P61073,cxcr4-alexa-exp,cxcr4_tian_896,cxcr4-alexa-exp@cxcr4_tian_896,CXCR4,CXCR4-alexa-exp
169,P61073,cxcr4-alexa-exp,cxcr4_tian_exp,cxcr4-alexa-exp@cxcr4_tian_exp,CXCR4,CXCR4-alexa-exp
170,P61073,cxcr4-alexa-exp,cxcr4_tian_sdf1a,cxcr4-alexa-exp@cxcr4_tian_sdf1a,CXCR4,CXCR4-alexa-exp
171,P61073,cxcr4-alexa-exp,cxcr4_trent_896,cxcr4-alexa-exp@cxcr4_trent_896,CXCR4,CXCR4-alexa-exp
172,P61073,cxcr4-alexa-exp,,cxcr4-alexa-exp@nan,CXCR4,CXCR4-alexa-exp
173,P61073,cxcr4-cxcl12-bind,cxcr4_chabot_896,cxcr4-cxcl12-bind@cxcr4_chabot_896,CXCR4,CXCR4-cxcl12-bind
174,P61073,cxcr4-cxcl12-bind,cxcr4_chabot_bh10,cxcr4-cxcl12-bind@cxcr4_chabot_bh10,CXCR4,CXCR4-cxcl12-bind
175,P61073,cxcr4-cxcl12-bind,cxcr4_chabot_exp,cxcr4-cxcl12-bind@cxcr4_chabot_exp,CXCR4,CXCR4-cxcl12-bind
176,P61073,cxcr4-cxcl12-bind,cxcr4_chabot_lav,cxcr4-cxcl12-bind@cxcr4_chabot_lav,CXCR4,CXCR4-cxcl12-bind
177,P61073,cxcr4-cxcl12-bind,cxcr4_chabot_sf2,cxcr4-cxcl12-bind@cxcr4_chabot_sf2,CXCR4,CXCR4-cxcl12-bind
178,P61073,cxcr4-cxcl12-bind,cxcr4_lin_exp44717,cxcr4-cxcl12-bind@cxcr4_lin_exp44717,CXCR4,CXCR4-cxcl12-bind
179,P61073,cxcr4-cxcl12-bind,cxcr4_lin_rodb-cd4,cxcr4-cxcl12-bind@cxcr4_lin_rodb-cd4,CXCR4,CXCR4-cxcl12-bind
180,P61073,cxcr4-cxcl12-bind,cxcr4_lin_rodb-pc,cxcr4-cxcl12-bind@cxcr4_lin_rodb-pc,CXCR4,CXCR4-cxcl12-bind
181,P61073,cxcr4-cxcl12-bind,cxcr4_lin_vcp-cd4,cxcr4-cxcl12-bind@cxcr4_lin_vcp-cd4,CXCR4,CXCR4-cxcl12-bind
182,P61073,cxcr4-cxcl12-bind,cxcr4_lin_vcp-pc,cxcr4-cxcl12-bind@cxcr4_lin_vcp-pc,CXCR4,CXCR4-cxcl12-bind
183,P61073,cxcr4-cxcl12-bind,cxcr4_tian_896,cxcr4-cxcl12-bind@cxcr4_tian_896,CXCR4,CXCR4-cxcl12-bind
184,P61073,cxcr4-cxcl12-bind,cxcr4_tian_exp,cxcr4-cxcl12-bind@cxcr4_tian_exp,CXCR4,CXCR4-cxcl12-bind
185,P61073,cxcr4-cxcl12-bind,cxcr4_tian_sdf1a,cxcr4-cxcl12-bind@cxcr4_tian_sdf1a,CXCR4,CXCR4-cxcl12-bind
186,P61073,cxcr4-cxcl12-bind,cxcr4_trent_896,cxcr4-cxcl12-bind@cxcr4_trent_896,CXCR4,CXCR4-cxcl12-bind
187,P61073,cxcr4-cxcl12-bind,,cxcr4-cxcl12-bind@nan,CXCR4,CXCR4-cxcl12-bind
188,P61073,cxcr4-fitc-exp,cxcr4_chabot_896,cxcr4-fitc-exp@cxcr4_chabot_896,CXCR4,CXCR4-fitc-exp
189,P61073,cxcr4-fitc-exp,cxcr4_chabot_bh10,cxcr4-fitc-exp@cxcr4_chabot_bh10,CXCR4,CXCR4-fitc-exp
190,P61073,cxcr4-fitc-exp,cxcr4_chabot_exp,cxcr4-fitc-exp@cxcr4_chabot_exp,CXCR4,CXCR4-fitc-exp
191,P61073,cxcr4-fitc-exp,cxcr4_chabot_lav,cxcr4-fitc-exp@cxcr4_chabot_lav,CXCR4,CXCR4-fitc-exp
192,P61073,cxcr4-fitc-exp,cxcr4_chabot_sf2,cxcr4-fitc-exp@cxcr4_chabot_sf2,CXCR4,CXCR4-fitc-exp
193,P61073,cxcr4-fitc-exp,cxcr4_lin_exp44717,cxcr4-fitc-exp@cxcr4_lin_exp44717,CXCR4,CXCR4-fitc-exp
194,P61073,cxcr4-fitc-exp,cxcr4_lin_rodb-cd4,cxcr4-fitc-exp@cxcr4_lin_rodb-cd4,CXCR4,CXCR4-fitc-exp
195,P61073,cxcr4-fitc-exp,cxcr4_lin_rodb-pc,cxcr4-fitc-exp@cxcr4_lin_rodb-pc,CXCR4,CXCR4-fitc-exp
196,P61073,cxcr4-fitc-exp,cxcr4_lin_vcp-cd4,cxcr4-fitc-exp@cxcr4_lin_vcp-cd4,CXCR4,CXCR4-fitc-exp
197,P61073,cxcr4-fitc-exp,cxcr4_lin_vcp-pc,cxcr4-fitc-exp@cxcr4_lin_vcp-pc,CXCR4,CXCR4-fitc-exp
198,P61073,cxcr4-fitc-exp,cxcr4_tian_896,cxcr4-fitc-exp@cxcr4_tian_896,CXCR4,CXCR4-fitc-exp
199,P61073,cxcr4-fitc-exp,cxcr4_tian_exp,cxcr4-fitc-exp@cxcr4_tian_exp,CXCR4,CXCR4-fitc-exp
200,P61073,cxcr4-fitc-exp,cxcr4_tian_sdf1a,cxcr4-fitc-exp@cxcr4_tian_sdf1a,CXCR4,CXCR4-fitc-exp
201,P61073,cxcr4-fitc-exp,cxcr4_trent_896,cxcr4-fitc-exp@cxcr4_trent_896,CXCR4,CXCR4-fitc-exp
202,P61073,cxcr4-fitc-exp,,cxcr4-fitc-exp@nan,CXCR4,CXCR4-fitc-exp
203,P06654,gb1,gb1,gb1@gb1,GB1,GB1
204,P06654,gb1,,gb1@nan,GB1,GB1
205,P02724,gpa,gpa_fleming_ddg,gpa@gpa_fleming_ddg,GPA,GPA
206,P02724,gpa,,gpa@nan,GPA,GPA
207,P05412,jun-full-trans,jun,jun-full-trans@jun,JUN,JUN-full-trans
208,P05412,jun-full-trans,,jun-full-trans@nan,JUN,JUN-full-trans
209,P05412,jun-restricted-trans,jun,jun-restricted-trans@jun,JUN,JUN-restricted-trans
210,P05412,jun-restricted-trans,,jun-restricted-trans@nan,JUN,JUN-restricted-trans
211,P04049,raf1-modify-10h,,raf1-modify-10h@nan,RAF1,RAF1-modify-10h
212,P04049,raf1-modify-10h,raf1_kd_lowionic,raf1-modify-10h@raf1_kd_lowionic,RAF1,RAF1-modify-10h
213,P04049,raf1-modify-10h,raf1_kd_physicoion,raf1-modify-10h@raf1_kd_physicoion,RAF1,RAF1-modify-10h
214,P04049,raf1-modify-10h,raf1_transact_erk1,raf1-modify-10h@raf1_transact_erk1,RAF1,RAF1-modify-10h
215,P04049,raf1-modify-10h,raf1_transact_erk1G12V,raf1-modify-10h@raf1_transact_erk1G12V,RAF1,RAF1-modify-10h
216,P04049,raf1-modify-12h,,raf1-modify-12h@nan,RAF1,RAF1-modify-12h
217,P04049,raf1-modify-12h,raf1_kd_lowionic,raf1-modify-12h@raf1_kd_lowionic,RAF1,RAF1-modify-12h
218,P04049,raf1-modify-12h,raf1_kd_physicoion,raf1-modify-12h@raf1_kd_physicoion,RAF1,RAF1-modify-12h
219,P04049,raf1-modify-12h,raf1_transact_erk1,raf1-modify-12h@raf1_transact_erk1,RAF1,RAF1-modify-12h
220,P04049,raf1-modify-12h,raf1_transact_erk1G12V,raf1-modify-12h@raf1_transact_erk1G12V,RAF1,RAF1-modify-12h
221,P04049,raf1-modify-24h,,raf1-modify-24h@nan,RAF1,RAF1-modify-24h
222,P04049,raf1-modify-24h,raf1_kd_lowionic,raf1-modify-24h@raf1_kd_lowionic,RAF1,RAF1-modify-24h
223,P04049,raf1-modify-24h,raf1_kd_physicoion,raf1-modify-24h@raf1_kd_physicoion,RAF1,RAF1-modify-24h
224,P04049,raf1-modify-24h,raf1_transact_erk1,raf1-modify-24h@raf1_transact_erk1,RAF1,RAF1-modify-24h
225,P04049,raf1-modify-24h,raf1_transact_erk1G12V,raf1-modify-24h@raf1_transact_erk1G12V,RAF1,RAF1-modify-24h
226,P04049,raf1-modify-2h,,raf1-modify-2h@nan,RAF1,RAF1-modify-2h
227,P04049,raf1-modify-2h,raf1_kd_lowionic,raf1-modify-2h@raf1_kd_lowionic,RAF1,RAF1-modify-2h
228,P04049,raf1-modify-2h,raf1_kd_physicoion,raf1-modify-2h@raf1_kd_physicoion,RAF1,RAF1-modify-2h
229,P04049,raf1-modify-2h,raf1_transact_erk1,raf1-modify-2h@raf1_transact_erk1,RAF1,RAF1-modify-2h
230,P04049,raf1-modify-2h,raf1_transact_erk1G12V,raf1-modify-2h@raf1_transact_erk1G12V,RAF1,RAF1-modify-2h
231,P04049,raf1-modify-48h,,raf1-modify-48h@nan,RAF1,RAF1-modify-48h
232,P04049,raf1-modify-48h,raf1_kd_lowionic,raf1-modify-48h@raf1_kd_lowionic,RAF1,RAF1-modify-48h
233,P04049,raf1-modify-48h,raf1_kd_physicoion,raf1-modify-48h@raf1_kd_physicoion,RAF1,RAF1-modify-48h
234,P04049,raf1-modify-48h,raf1_transact_erk1,raf1-modify-48h@raf1_transact_erk1,RAF1,RAF1-modify-48h
235,P04049,raf1-modify-48h,raf1_transact_erk1G12V,raf1-modify-48h@raf1_transact_erk1G12V,RAF1,RAF1-modify-48h
236,P04049,raf1-modify-4h,,raf1-modify-4h@nan,RAF1,RAF1-modify-4h
237,P04049,raf1-modify-4h,raf1_kd_lowionic,raf1-modify-4h@raf1_kd_lowionic,RAF1,RAF1-modify-4h
238,P04049,raf1-modify-4h,raf1_kd_physicoion,raf1-modify-4h@raf1_kd_physicoion,RAF1,RAF1-modify-4h
239,P04049,raf1-modify-4h,raf1_transact_erk1,raf1-modify-4h@raf1_transact_erk1,RAF1,RAF1-modify-4h
240,P04049,raf1-modify-4h,raf1_transact_erk1G12V,raf1-modify-4h@raf1_transact_erk1G12V,RAF1,RAF1-modify-4h
241,P04049,raf1-modify-6h,,raf1-modify-6h@nan,RAF1,RAF1-modify-6h
242,P04049,raf1-modify-6h,raf1_kd_lowionic,raf1-modify-6h@raf1_kd_lowionic,RAF1,RAF1-modify-6h
243,P04049,raf1-modify-6h,raf1_kd_physicoion,raf1-modify-6h@raf1_kd_physicoion,RAF1,RAF1-modify-6h
244,P04049,raf1-modify-6h,raf1_transact_erk1,raf1-modify-6h@raf1_transact_erk1,RAF1,RAF1-modify-6h
245,P04049,raf1-modify-6h,raf1_transact_erk1G12V,raf1-modify-6h@raf1_transact_erk1G12V,RAF1,RAF1-modify-6h
246,P04049,raf1-modify-72h,,raf1-modify-72h@nan,RAF1,RAF1-modify-72h
247,P04049,raf1-modify-72h,raf1_kd_lowionic,raf1-modify-72h@raf1_kd_lowionic,RAF1,RAF1-modify-72h
248,P04049,raf1-modify-72h,raf1_kd_physicoion,raf1-modify-72h@raf1_kd_physicoion,RAF1,RAF1-modify-72h
249,P04049,raf1-modify-72h,raf1_transact_erk1,raf1-modify-72h@raf1_transact_erk1,RAF1,RAF1-modify-72h
250,P04049,raf1-modify-72h,raf1_transact_erk1G12V,raf1-modify-72h@raf1_transact_erk1G12V,RAF1,RAF1-modify-72h
251,P04049,raf1-modify-8h,,raf1-modify-8h@nan,RAF1,RAF1-modify-8h
252,P04049,raf1-modify-8h,raf1_kd_lowionic,raf1-modify-8h@raf1_kd_lowionic,RAF1,RAF1-modify-8h
253,P04049,raf1-modify-8h,raf1_kd_physicoion,raf1-modify-8h@raf1_kd_physicoion,RAF1,RAF1-modify-8h
254,P04049,raf1-modify-8h,raf1_transact_erk1,raf1-modify-8h@raf1_transact_erk1,RAF1,RAF1-modify-8h
255,P04049,raf1-modify-8h,raf1_transact_erk1G12V,raf1-modify-8h@raf1_transact_erk1G12V,RAF1,RAF1-modify-8h
256,P01112,ras-attenuated,,ras-attenuated@nan,RAS,RAS-attenuated
257,P01112,ras-attenuated,ras_yoshi_gdpdis,ras-attenuated@ras_yoshi_gdpdis,RAS,RAS-attenuated
258,P01112,ras-attenuated,ras_yoshi_gtpdis,ras-attenuated@ras_yoshi_gtpdis,RAS,RAS-attenuated
259,P01112,ras-attenuated,ras_yoshi_gtphydro,ras-attenuated@ras_yoshi_gtphydro,RAS,RAS-attenuated
260,P01112,ras-reg,,ras-reg@nan,RAS,RAS-regulated
261,P01112,ras-reg,ras_yoshi_gdpdis,ras-reg@ras_yoshi_gdpdis,RAS,RAS-regulated
262,P01112,ras-reg,ras_yoshi_gtpdis,ras-reg@ras_yoshi_gtpdis,RAS,RAS-regulated
263,P01112,ras-reg,ras_yoshi_gtphydro,ras-reg@ras_yoshi_gtphydro,RAS,RAS-regulated
264,P01112,ras-unreg,,ras-unreg@nan,RAS,RAS-unregulated
265,P01112,ras-unreg,ras_yoshi_gdpdis,ras-unreg@ras_yoshi_gdpdis,RAS,RAS-unregulated
266,P01112,ras-unreg,ras_yoshi_gtpdis,ras-unreg@ras_yoshi_gtpdis,RAS,RAS-unregulated
267,P01112,ras-unreg,ras_yoshi_gtphydro,ras-unreg@ras_yoshi_gtphydro,RAS,RAS-unregulated
268,P04637,tp53-growth,,tp53-growth@nan,TP53,TP53-growth
269,P04637,tp53-growth,tp53_chen_aspp2,tp53-growth@tp53_chen_aspp2,TP53,TP53-growth
270,P04637,tp53-growth,tp53_chen_iaspp,tp53-growth@tp53_chen_iaspp,TP53,TP53-growth
271,P04637,tp53-null-etop,,tp53-null-etop@nan,TP53,TP53-null-etop
272,P04637,tp53-null-etop,tp53_chen_aspp2,tp53-null-etop@tp53_chen_aspp2,TP53,TP53-null-etop
273,P04637,tp53-null-etop,tp53_chen_iaspp,tp53-null-etop@tp53_chen_iaspp,TP53,TP53-null-etop
274,P04637,tp53-null-etop,tp53_ecsedi_bind,tp53-null-etop@tp53_ecsedi_bind,TP53,TP53-null-etop
275,P04637,tp53-null-nultlin,,tp53-null-nultlin@nan,TP53,TP53-null-nultlin
276,P04637,tp53-null-nultlin,tp53_chen_aspp2,tp53-null-nultlin@tp53_chen_aspp2,TP53,TP53-null-nultlin
277,P04637,tp53-null-nultlin,tp53_chen_iaspp,tp53-null-nultlin@tp53_chen_iaspp,TP53,TP53-null-nultlin
278,P04637,tp53-null-nultlin,tp53_ecsedi_bind,tp53-null-nultlin@tp53_ecsedi_bind,TP53,TP53-null-nultlin
279,P63279,urn:mavedb:00000001-a-1,,urn:mavedb:00000001-a-1@nan,UBE2I,UBE2I_Refined
280,P63279,urn:mavedb:00000001-a-1,ube2i_ikba,urn:mavedb:00000001-a-1@ube2i_ikba,UBE2I,UBE2I_Refined
281,P63279,urn:mavedb:00000001-a-1,ube2i_p53,urn:mavedb:00000001-a-1@ube2i_p53,UBE2I,UBE2I_Refined
282,P63279,urn:mavedb:00000001-a-1,ube2i_rangap1,urn:mavedb:00000001-a-1@ube2i_rangap1,UBE2I,UBE2I_Refined
283,P63279,urn:mavedb:00000001-a-2,,urn:mavedb:00000001-a-2@nan,UBE2I,UBE2I_BarSeq
284,P63279,urn:mavedb:00000001-a-2,ube2i_ikba,urn:mavedb:00000001-a-2@ube2i_ikba,UBE2I,UBE2I_BarSeq
285,P63279,urn:mavedb:00000001-a-2,ube2i_p53,urn:mavedb:00000001-a-2@ube2i_p53,UBE2I,UBE2I_BarSeq
286,P63279,urn:mavedb:00000001-a-2,ube2i_rangap1,urn:mavedb:00000001-a-2@ube2i_rangap1,UBE2I,UBE2I_BarSeq
287,P63279,urn:mavedb:00000001-a-3,,urn:mavedb:00000001-a-3@nan,UBE2I,UBE2I_TileSeq
288,P63279,urn:mavedb:00000001-a-3,ube2i_ikba,urn:mavedb:00000001-a-3@ube2i_ikba,UBE2I,UBE2I_TileSeq
289,P63279,urn:mavedb:00000001-a-3,ube2i_p53,urn:mavedb:00000001-a-3@ube2i_p53,UBE2I,UBE2I_TileSeq
290,P63279,urn:mavedb:00000001-a-3,ube2i_rangap1,urn:mavedb:00000001-a-3@ube2i_rangap1,UBE2I,UBE2I_TileSeq
291,P63279,urn:mavedb:00000001-a-4,,urn:mavedb:00000001-a-4@nan,UBE2I,UBE2I_Joint
292,P63279,urn:mavedb:00000001-a-4,ube2i_ikba,urn:mavedb:00000001-a-4@ube2i_ikba,UBE2I,UBE2I_Joint
293,P63279,urn:mavedb:00000001-a-4,ube2i_p53,urn:mavedb:00000001-a-4@ube2i_p53,UBE2I,UBE2I_Joint
294,P63279,urn:mavedb:00000001-a-4,ube2i_rangap1,urn:mavedb:00000001-a-4@ube2i_rangap1,UBE2I,UBE2I_Joint
295,P63165,urn:mavedb:00000001-b-2,,urn:mavedb:00000001-b-2@nan,SUMO1,SUMO1
296,P63165,urn:mavedb:00000001-b-2,sumo1_galtat,urn:mavedb:00000001-b-2@sumo1_galtat,SUMO1,SUMO1
297,P63165,urn:mavedb:00000001-b-2,sumo1_tat3,urn:mavedb:00000001-b-2@sumo1_tat3,SUMO1,SUMO1
298,P38398,urn:mavedb:00000003-a-2,brca1_mono_ub,urn:mavedb:00000003-a-2@brca1_mono_ub,BRCA1,BRCA1_E3
299,P38398,urn:mavedb:00000003-a-2,brca1_myc,urn:mavedb:00000003-a-2@brca1_myc,BRCA1,BRCA1_E3
300,P38398,urn:mavedb:00000003-a-2,,urn:mavedb:00000003-a-2@nan,BRCA1,BRCA1_E3
301,P38398,urn:mavedb:00000003-b-2,brca1_mono_ub,urn:mavedb:00000003-b-2@brca1_mono_ub,BRCA1,BRCA1_Y2H
302,P38398,urn:mavedb:00000003-b-2,brca1_myc,urn:mavedb:00000003-b-2@brca1_myc,BRCA1,BRCA1_Y2H
303,P38398,urn:mavedb:00000003-b-2,,urn:mavedb:00000003-b-2@nan,BRCA1,BRCA1_Y2H
304,P35520,urn:mavedb:00000005-a-1,cbs,urn:mavedb:00000005-a-1@cbs,CBS,CBS_Low-B6
305,P35520,urn:mavedb:00000005-a-1,,urn:mavedb:00000005-a-1@nan,CBS,CBS_Low-B6
306,P35520,urn:mavedb:00000005-a-2,cbs,urn:mavedb:00000005-a-2@cbs,CBS,CBS_High-B6
307,P35520,urn:mavedb:00000005-a-2,,urn:mavedb:00000005-a-2@nan,CBS,CBS_High-B6
308,P04386,urn:mavedb:00000012-a-1,gal4,urn:mavedb:00000012-a-1@gal4,GAL4,GAL4_None
309,P04386,urn:mavedb:00000012-a-1,,urn:mavedb:00000012-a-1@nan,GAL4,GAL4_None
310,P04386,urn:mavedb:00000012-a-2,gal4,urn:mavedb:00000012-a-2@gal4,GAL4,GAL4_24h-A
311,P04386,urn:mavedb:00000012-a-2,,urn:mavedb:00000012-a-2@nan,GAL4,GAL4_24h-A
312,P04386,urn:mavedb:00000012-a-3,gal4,urn:mavedb:00000012-a-3@gal4,GAL4,GAL4_40h-A
313,P04386,urn:mavedb:00000012-a-3,,urn:mavedb:00000012-a-3@nan,GAL4,GAL4_40h-A
314,P04386,urn:mavedb:00000012-a-4,gal4,urn:mavedb:00000012-a-4@gal4,GAL4,GAL4_40h-B
315,P04386,urn:mavedb:00000012-a-4,,urn:mavedb:00000012-a-4@nan,GAL4,GAL4_40h-B
316,P04386,urn:mavedb:00000012-a-5,gal4,urn:mavedb:00000012-a-5@gal4,GAL4,GAL4_40h-C
317,P04386,urn:mavedb:00000012-a-5,,urn:mavedb:00000012-a-5@nan,GAL4,GAL4_40h-C
318,P04386,urn:mavedb:00000012-a-6,gal4,urn:mavedb:00000012-a-6@gal4,GAL4,GAL4_64h-C
319,P04386,urn:mavedb:00000012-a-6,,urn:mavedb:00000012-a-6@nan,GAL4,GAL4_64h-C
320,P60484,urn:mavedb:00000013-a-1,,urn:mavedb:00000013-a-1@nan,PTEN,PTEN_VAMP_Seq
321,P60484,urn:mavedb:00000013-a-1,pten,urn:mavedb:00000013-a-1@pten,PTEN,PTEN_VAMP_Seq
322,P0CG63,urn:mavedb:00000037-a-1,,urn:mavedb:00000037-a-1@nan,Ubiquitin,UBI_Growth
323,P0CG63,urn:mavedb:00000037-a-1,ub_free,urn:mavedb:00000037-a-1@ub_free,Ubiquitin,UBI_Growth
324,P0CG63,urn:mavedb:00000037-a-1,ub_growth,urn:mavedb:00000037-a-1@ub_growth,Ubiquitin,UBI_Growth
325,P0CG63,urn:mavedb:00000037-a-1,ub_poly,urn:mavedb:00000037-a-1@ub_poly,Ubiquitin,UBI_Growth
326,P0CG63,urn:mavedb:00000038-a-1,,urn:mavedb:00000038-a-1@nan,Ubiquitin,UBI_Less-E1
327,P0CG63,urn:mavedb:00000038-a-1,ub_free,urn:mavedb:00000038-a-1@ub_free,Ubiquitin,UBI_Less-E1
328,P0CG63,urn:mavedb:00000038-a-1,ub_growth,urn:mavedb:00000038-a-1@ub_growth,Ubiquitin,UBI_Less-E1
329,P0CG63,urn:mavedb:00000038-a-1,ub_poly,urn:mavedb:00000038-a-1@ub_poly,Ubiquitin,UBI_Less-E1
330,P0CG63,urn:mavedb:00000038-b-1,,urn:mavedb:00000038-b-1@nan,Ubiquitin,UBI_Excess-E1-Mid
331,P0CG63,urn:mavedb:00000038-b-1,ub_free,urn:mavedb:00000038-b-1@ub_free,Ubiquitin,UBI_Excess-E1-Mid
332,P0CG63,urn:mavedb:00000038-b-1,ub_growth,urn:mavedb:00000038-b-1@ub_growth,Ubiquitin,UBI_Excess-E1-Mid
333,P0CG63,urn:mavedb:00000038-b-1,ub_poly,urn:mavedb:00000038-b-1@ub_poly,Ubiquitin,UBI_Excess-E1-Mid
334,P0CG63,urn:mavedb:00000038-b-2,,urn:mavedb:00000038-b-2@nan,Ubiquitin,UBI_Excess-E1-Tail
335,P0CG63,urn:mavedb:00000038-b-2,ub_free,urn:mavedb:00000038-b-2@ub_free,Ubiquitin,UBI_Excess-E1-Tail
336,P0CG63,urn:mavedb:00000038-b-2,ub_growth,urn:mavedb:00000038-b-2@ub_growth,Ubiquitin,UBI_Excess-E1-Tail
337,P0CG63,urn:mavedb:00000038-b-2,ub_poly,urn:mavedb:00000038-b-2@ub_poly,Ubiquitin,UBI_Excess-E1-Tail
338,P40238,urn:mavedb:00000043-a-1,mpl_10htpo,urn:mavedb:00000043-a-1@mpl_10htpo,MPL,MPL
339,P40238,urn:mavedb:00000043-a-1,mpl_1pf,urn:mavedb:00000043-a-1@mpl_1pf,MPL,MPL
340,P40238,urn:mavedb:00000043-a-1,,urn:mavedb:00000043-a-1@nan,MPL,MPL
341,P60484,urn:mavedb:00000054-a-1,,urn:mavedb:00000054-a-1@nan,PTEN,PTEN_Phosphatase
342,P60484,urn:mavedb:00000054-a-1,pten,urn:mavedb:00000054-a-1@pten,PTEN,PTEN_Phosphatase
